<?xml version="1.0" ?>
<LOG_ROOT>
	<PROJECT NAME="project">
		<CBX_INST_ENTRY INSTANCE_NAME="|project|USBBridge:inst|USB_DC8:b2v_inst14|lpm_decode:LPM_DECODE_component" CBX_FILE_NAME="decode_j1g.tdf"/>
		<CBX_INST_ENTRY INSTANCE_NAME="|project|USBBridge:inst|USB_MUX8x19:b2v_instmux2|LPM_MUX:LPM_MUX_component" CBX_FILE_NAME="mux_c8e.tdf"/>
		<CBX_INST_ENTRY INSTANCE_NAME="|project|USBBridge:inst|usb_dc3:b2v_instdc3|lpm_decode:LPM_DECODE_component" CBX_FILE_NAME="decode_5af.tdf"/>
		<CBX_INST_ENTRY INSTANCE_NAME="|project|USBBridge:inst|USB_MUX1x2:b2v_inst116|LPM_MUX:LPM_MUX_component" CBX_FILE_NAME="mux_96e.tdf"/>
		<CBX_INST_ENTRY INSTANCE_NAME="|project|oa:inst7|CT2:inst19|lpm_counter:lpm_counter_component" CBX_FILE_NAME="cntr_8ii.tdf"/>
		<CBX_INST_ENTRY INSTANCE_NAME="|project|oa:inst7|sm1_0:inst74|lpm_add_sub:lpm_add_sub_component" CBX_FILE_NAME="add_sub_nii.tdf"/>
		<CBX_INST_ENTRY INSTANCE_NAME="|project|oa:inst7|sm1_1:inst73|lpm_add_sub:lpm_add_sub_component" CBX_FILE_NAME="add_sub_oii.tdf"/>
		<CBX_INST_ENTRY INSTANCE_NAME="|project|oa:inst7|sm2:inst18|lpm_add_sub:lpm_add_sub_component" CBX_FILE_NAME="add_sub_g2i.tdf"/>
		<CBX_INST_ENTRY INSTANCE_NAME="|project|oa:inst7|tmx:inst21|LPM_MUX:lpm_mux_component" CBX_FILE_NAME="mux_u7e.tdf"/>
		<CBX_INST_ENTRY INSTANCE_NAME="|project|oa:inst7|tmx_0:inst66|LPM_MUX:lpm_mux_component" CBX_FILE_NAME="mux_t7e.tdf"/>
		<CBX_INST_ENTRY INSTANCE_NAME="|project|PLL1:inst1|altpll:altpll_component" CBX_FILE_NAME="PLL1_altpll.v"/>
		<CBX_INST_ENTRY INSTANCE_NAME="|project|USBBridge:inst|USB_CT3:b2v_inst5|lpm_counter:LPM_COUNTER_component" CBX_FILE_NAME="cntr_pqi.tdf"/>
		<CBX_INST_ENTRY INSTANCE_NAME="|project|USBBridge:inst|USB_MUX8x2:b2v_instmux1|LPM_MUX:LPM_MUX_component" CBX_FILE_NAME="mux_g6e.tdf"/>
	</PROJECT>
</LOG_ROOT>
