<?xml version="1.0" ?>
<LOG_ROOT>
	<PROJECT NAME="project">
		<CBX_INST_ENTRY INSTANCE_NAME="|project|USBBridge:inst|USB_DC8:b2v_inst14|lpm_decode:LPM_DECODE_component" CBX_FILE_NAME="decode_j1g.tdf"/>
		<CBX_INST_ENTRY INSTANCE_NAME="|project|USBBridge:inst|USB_MUX8x19:b2v_instmux2|LPM_MUX:LPM_MUX_component" CBX_FILE_NAME="mux_c8e.tdf"/>
		<CBX_INST_ENTRY INSTANCE_NAME="|project|USBBridge:inst|usb_dc3:b2v_instdc3|lpm_decode:LPM_DECODE_component" CBX_FILE_NAME="decode_5af.tdf"/>
		<CBX_INST_ENTRY INSTANCE_NAME="|project|oa:inst4|rg2sh:inst9|lpm_clshift:lpm_clshift_component" CBX_FILE_NAME="lpm_clshift_1lb.tdf"/>
		<CBX_INST_ENTRY INSTANCE_NAME="|project|USBBridge:inst|USB_MUX1x2:b2v_inst116|LPM_MUX:LPM_MUX_component" CBX_FILE_NAME="mux_96e.tdf"/>
		<CBX_INST_ENTRY INSTANCE_NAME="|project|oa:inst4|ms1:inst32|LPM_MUX:lpm_mux_component" CBX_FILE_NAME="mux_prc.tdf"/>
		<CBX_INST_ENTRY INSTANCE_NAME="|project|oa:inst4|sm1:inst14|lpm_add_sub:lpm_add_sub_component" CBX_FILE_NAME="add_sub_tii.tdf"/>
		<CBX_INST_ENTRY INSTANCE_NAME="|project|oa:inst4|CT2:inst19|lpm_counter:lpm_counter_component" CBX_FILE_NAME="cntr_8ii.tdf"/>
		<CBX_INST_ENTRY INSTANCE_NAME="|project|oa:inst4|cmp:inst45|lpm_compare:lpm_compare_component" CBX_FILE_NAME="cmpr_okg.tdf"/>
		<CBX_INST_ENTRY INSTANCE_NAME="|project|oa:inst4|ms_1:inst25|LPM_MUX:lpm_mux_component" CBX_FILE_NAME="mux_upc.tdf"/>
		<CBX_INST_ENTRY INSTANCE_NAME="|project|oa:inst4|sm2:inst18|lpm_add_sub:lpm_add_sub_component" CBX_FILE_NAME="add_sub_g2i.tdf"/>
		<CBX_INST_ENTRY INSTANCE_NAME="|project|PLL1:inst1|altpll:altpll_component" CBX_FILE_NAME="PLL1_altpll.v"/>
		<CBX_INST_ENTRY INSTANCE_NAME="|project|USBBridge:inst|USB_CT3:b2v_inst5|lpm_counter:LPM_COUNTER_component" CBX_FILE_NAME="cntr_pqi.tdf"/>
		<CBX_INST_ENTRY INSTANCE_NAME="|project|USBBridge:inst|USB_MUX8x2:b2v_instmux1|LPM_MUX:LPM_MUX_component" CBX_FILE_NAME="mux_g6e.tdf"/>
		<CBX_INST_ENTRY INSTANCE_NAME="|project|oa:inst4|ct1:inst26|lpm_counter:lpm_counter_component" CBX_FILE_NAME="cntr_8ii.tdf"/>
		<CBX_INST_ENTRY INSTANCE_NAME="|project|oa:inst4|ms_1:inst62|LPM_MUX:lpm_mux_component" CBX_FILE_NAME="mux_upc.tdf"/>
		<CBX_INST_ENTRY INSTANCE_NAME="|project|oa:inst4|ms_2:inst65|LPM_MUX:lpm_mux_component" CBX_FILE_NAME="mux_irc.tdf"/>
	</PROJECT>
</LOG_ROOT>
