<?xml version="1.0" ?>
<LOG_ROOT>
	<PROJECT NAME="kursovoy">
		<CBX_INST_ENTRY INSTANCE_NAME="|kursovoy|ms1:inst32|lpm_mux:lpm_mux_component" CBX_FILE_NAME="mux_prc.tdf"/>
		<CBX_INST_ENTRY INSTANCE_NAME="|kursovoy|sm1:inst14|lpm_add_sub:lpm_add_sub_component" CBX_FILE_NAME="add_sub_tii.tdf"/>
		<CBX_INST_ENTRY INSTANCE_NAME="|kursovoy|CT2:inst19|lpm_counter:lpm_counter_component" CBX_FILE_NAME="cntr_8ii.tdf"/>
		<CBX_INST_ENTRY INSTANCE_NAME="|kursovoy|cmp:inst45|lpm_compare:lpm_compare_component" CBX_FILE_NAME="cmpr_okg.tdf"/>
		<CBX_INST_ENTRY INSTANCE_NAME="|kursovoy|ms_1:inst25|lpm_mux:lpm_mux_component" CBX_FILE_NAME="mux_upc.tdf"/>
		<CBX_INST_ENTRY INSTANCE_NAME="|kursovoy|rg2sh:inst9|lpm_clshift:lpm_clshift_component" CBX_FILE_NAME="lpm_clshift_1lb.tdf"/>
		<CBX_INST_ENTRY INSTANCE_NAME="|kursovoy|sm2:inst18|lpm_add_sub:lpm_add_sub_component" CBX_FILE_NAME="add_sub_g2i.tdf"/>
		<CBX_INST_ENTRY INSTANCE_NAME="|kursovoy|ct1:inst26|lpm_counter:lpm_counter_component" CBX_FILE_NAME="cntr_8ii.tdf"/>
		<CBX_INST_ENTRY INSTANCE_NAME="|kursovoy|ms_1:inst62|lpm_mux:lpm_mux_component" CBX_FILE_NAME="mux_upc.tdf"/>
		<CBX_INST_ENTRY INSTANCE_NAME="|kursovoy|ms_2:inst65|lpm_mux:lpm_mux_component" CBX_FILE_NAME="mux_irc.tdf"/>
	</PROJECT>
</LOG_ROOT>
